signal_id,time,type,strategy_id,strategy_name,stock_code,stock_name,severity,priority,title,content
d90ff76a-f3e9-4ef5-b7c9-a810a3e719c0,2026-06-21T05:24:56,selection,rzq,弱转强,,,info,medium,策略「弱转强」选出 30 只标的,策略「弱转强」选出 30 只标的，Top3：深科技(000021.SZ)、沙河股份(000014.SZ)、深振业Ａ(000006.SZ)
0ed8b6af-5c5b-421e-a86a-9b75a38c5deb,2026-06-21T05:24:56,selection,rzq,弱转强,,,info,medium,策略「弱转强」选出 30 只标的,策略「弱转强」选出 30 只标的，Top3：深科技(000021.SZ)、沙河股份(000014.SZ)、深振业Ａ(000006.SZ)
602f1bfa-2b42-48b0-a865-bd867369b9a2,2026-06-22T19:34:19,selection,cslx,错杀低吸,,,info,medium,策略「错杀低吸」选出 30 只标的,策略「错杀低吸」选出 30 只标的，Top3：天际股份(002759.SZ)、天银机电(300342.SZ)、瑞玛精密(002976.SZ)
9fbfdd56-fb79-42d9-bb66-525778834406,2026-06-22T19:34:19,selection,dbqzt,打板求涨停,,,info,medium,策略「打板求涨停」选出 30 只标的,策略「打板求涨停」选出 30 只标的，Top3：庄园牧场(002910.SZ)、中核科技(000777.SZ)、诺德股份(600110.SH)
2c68c1a0-1302-4379-84fa-113b6e599c8a,2026-06-22T19:34:20,selection,qszsl,趋势主升浪,,,info,medium,策略「趋势主升浪」选出 30 只标的,策略「趋势主升浪」选出 30 只标的，Top3：同洲电子(002052.SZ)、华孚时尚(002042.SZ)、骄成超声(688392.SH)
d00c52f8-165a-49d7-8c16-5b2bbc24ec9e,2026-06-22T19:34:20,selection,qzrfc,强转弱反抽,,,info,medium,策略「强转弱反抽」选出 30 只标的,策略「强转弱反抽」选出 30 只标的，Top3：供销大集(000564.SZ)、中国长城(000066.SZ)、德龙汇能(000593.SZ)
3d5b46c6-16d2-4be4-be5a-60860817b24d,2026-06-22T19:34:20,selection,rzq,弱转强,,,info,medium,策略「弱转强」选出 30 只标的,策略「弱转强」选出 30 只标的，Top3：深科技(000021.SZ)、沙河股份(000014.SZ)、深振业Ａ(000006.SZ)
aeee8b0e-06a0-47bd-80c9-cf1df2578673,2026-06-22T19:34:22,selection,cslx,错杀低吸,,,info,medium,策略「错杀低吸」选出 30 只标的,策略「错杀低吸」选出 30 只标的，Top3：天际股份(002759.SZ)、天银机电(300342.SZ)、瑞玛精密(002976.SZ)
34a330de-95bb-4699-bd72-c9e8088d9bb6,2026-06-22T19:34:23,selection,dbqzt,打板求涨停,,,info,medium,策略「打板求涨停」选出 30 只标的,策略「打板求涨停」选出 30 只标的，Top3：庄园牧场(002910.SZ)、中核科技(000777.SZ)、诺德股份(600110.SH)
0b74a6de-0b80-493e-abfc-8a3a01168a0d,2026-06-22T19:34:23,selection,qszsl,趋势主升浪,,,info,medium,策略「趋势主升浪」选出 30 只标的,策略「趋势主升浪」选出 30 只标的，Top3：同洲电子(002052.SZ)、华孚时尚(002042.SZ)、骄成超声(688392.SH)
160ff71e-2d57-490d-9008-fc0b24c09ccc,2026-06-22T19:34:23,selection,qzrfc,强转弱反抽,,,info,medium,策略「强转弱反抽」选出 30 只标的,策略「强转弱反抽」选出 30 只标的，Top3：供销大集(000564.SZ)、中国长城(000066.SZ)、德龙汇能(000593.SZ)
ed68b493-057c-4dd1-9289-1fff7c0963f3,2026-06-22T19:34:24,selection,rzq,弱转强,,,info,medium,策略「弱转强」选出 30 只标的,策略「弱转强」选出 30 只标的，Top3：深科技(000021.SZ)、沙河股份(000014.SZ)、深振业Ａ(000006.SZ)
c75d7afe-7c0b-46f7-a67f-ad01d0ee07ad,2026-06-22T19:34:25,selection,cslx,错杀低吸,,,info,medium,策略「错杀低吸」选出 30 只标的,策略「错杀低吸」选出 30 只标的，Top3：天际股份(002759.SZ)、天银机电(300342.SZ)、瑞玛精密(002976.SZ)
0e6dec35-064f-4c8c-a35c-9e85a29129fc,2026-06-22T19:34:26,selection,dbqzt,打板求涨停,,,info,medium,策略「打板求涨停」选出 30 只标的,策略「打板求涨停」选出 30 只标的，Top3：庄园牧场(002910.SZ)、中核科技(000777.SZ)、诺德股份(600110.SH)
7f7af167-5c50-4430-a5bc-b3b0b9ee1344,2026-06-22T19:34:26,selection,qszsl,趋势主升浪,,,info,medium,策略「趋势主升浪」选出 30 只标的,策略「趋势主升浪」选出 30 只标的，Top3：同洲电子(002052.SZ)、华孚时尚(002042.SZ)、骄成超声(688392.SH)
962f2973-6070-4961-821b-968a8e99d1af,2026-06-22T19:34:26,selection,qzrfc,强转弱反抽,,,info,medium,策略「强转弱反抽」选出 30 只标的,策略「强转弱反抽」选出 30 只标的，Top3：供销大集(000564.SZ)、中国长城(000066.SZ)、德龙汇能(000593.SZ)
2a105925-9570-4782-ad04-7285af64f19c,2026-06-22T19:34:27,selection,rzq,弱转强,,,info,medium,策略「弱转强」选出 30 只标的,策略「弱转强」选出 30 只标的，Top3：深科技(000021.SZ)、沙河股份(000014.SZ)、深振业Ａ(000006.SZ)
7da2b2dd-c923-4341-be64-cd9d216763ef,2026-06-22T19:34:29,selection,cslx,错杀低吸,,,info,medium,策略「错杀低吸」选出 30 只标的,策略「错杀低吸」选出 30 只标的，Top3：天际股份(002759.SZ)、天银机电(300342.SZ)、瑞玛精密(002976.SZ)
afb79697-3eea-4105-84a0-c9d412fd6e72,2026-06-22T19:34:29,selection,dbqzt,打板求涨停,,,info,medium,策略「打板求涨停」选出 30 只标的,策略「打板求涨停」选出 30 只标的，Top3：庄园牧场(002910.SZ)、中核科技(000777.SZ)、诺德股份(600110.SH)
5fef1ba3-732c-406f-8b8a-0dfaffca74e4,2026-06-22T19:34:29,selection,qszsl,趋势主升浪,,,info,medium,策略「趋势主升浪」选出 30 只标的,策略「趋势主升浪」选出 30 只标的，Top3：同洲电子(002052.SZ)、华孚时尚(002042.SZ)、骄成超声(688392.SH)
20d2e7d4-1b23-4c41-81fd-32ac9fa25ef7,2026-06-22T19:34:30,selection,qzrfc,强转弱反抽,,,info,medium,策略「强转弱反抽」选出 30 只标的,策略「强转弱反抽」选出 30 只标的，Top3：供销大集(000564.SZ)、中国长城(000066.SZ)、德龙汇能(000593.SZ)
ea3ba563-b0cc-4f9c-906e-c42150f010a9,2026-06-22T19:34:30,selection,rzq,弱转强,,,info,medium,策略「弱转强」选出 30 只标的,策略「弱转强」选出 30 只标的，Top3：深科技(000021.SZ)、沙河股份(000014.SZ)、深振业Ａ(000006.SZ)
b9e0368b-a70b-4a7b-a223-7fe2c586f671,2026-06-22T19:34:32,selection,cslx,错杀低吸,,,info,medium,策略「错杀低吸」选出 30 只标的,策略「错杀低吸」选出 30 只标的，Top3：天际股份(002759.SZ)、天银机电(300342.SZ)、瑞玛精密(002976.SZ)
05a569e7-fda6-439c-bf92-971f091bf4be,2026-06-22T19:34:32,selection,dbqzt,打板求涨停,,,info,medium,策略「打板求涨停」选出 30 只标的,策略「打板求涨停」选出 30 只标的，Top3：庄园牧场(002910.SZ)、中核科技(000777.SZ)、诺德股份(600110.SH)
f11f4bcf-b8bd-4a34-aed5-a115cbfaaaf5,2026-06-22T19:34:33,selection,qszsl,趋势主升浪,,,info,medium,策略「趋势主升浪」选出 30 只标的,策略「趋势主升浪」选出 30 只标的，Top3：同洲电子(002052.SZ)、华孚时尚(002042.SZ)、骄成超声(688392.SH)
e485ff19-4ebd-4434-a288-2e88acd2db31,2026-06-22T19:34:33,selection,qzrfc,强转弱反抽,,,info,medium,策略「强转弱反抽」选出 30 只标的,策略「强转弱反抽」选出 30 只标的，Top3：供销大集(000564.SZ)、中国长城(000066.SZ)、德龙汇能(000593.SZ)
ffbe3084-acc6-427a-8cde-ee5803ef3bc8,2026-06-22T19:34:33,selection,rzq,弱转强,,,info,medium,策略「弱转强」选出 30 只标的,策略「弱转强」选出 30 只标的，Top3：深科技(000021.SZ)、沙河股份(000014.SZ)、深振业Ａ(000006.SZ)
d2450f8f-0382-41b3-9a2c-e2d73c651ebb,2026-06-22T19:34:35,selection,cslx,错杀低吸,,,info,medium,策略「错杀低吸」选出 30 只标的,策略「错杀低吸」选出 30 只标的，Top3：天际股份(002759.SZ)、天银机电(300342.SZ)、瑞玛精密(002976.SZ)
4b87bc69-fed9-4abe-8c89-ee5b44728f5c,2026-06-22T19:34:36,selection,dbqzt,打板求涨停,,,info,medium,策略「打板求涨停」选出 30 只标的,策略「打板求涨停」选出 30 只标的，Top3：庄园牧场(002910.SZ)、中核科技(000777.SZ)、诺德股份(600110.SH)
c5191b80-a190-4522-8b73-8b0336d63a0b,2026-06-22T19:34:36,selection,qszsl,趋势主升浪,,,info,medium,策略「趋势主升浪」选出 30 只标的,策略「趋势主升浪」选出 30 只标的，Top3：同洲电子(002052.SZ)、华孚时尚(002042.SZ)、骄成超声(688392.SH)
233338f8-81df-44d4-8e23-1f7bbcb4e158,2026-06-22T19:34:36,selection,qzrfc,强转弱反抽,,,info,medium,策略「强转弱反抽」选出 30 只标的,策略「强转弱反抽」选出 30 只标的，Top3：供销大集(000564.SZ)、中国长城(000066.SZ)、德龙汇能(000593.SZ)
5cbd5b1a-e541-48ab-b71f-29d08a609818,2026-06-22T19:34:37,selection,rzq,弱转强,,,info,medium,策略「弱转强」选出 30 只标的,策略「弱转强」选出 30 只标的，Top3：深科技(000021.SZ)、沙河股份(000014.SZ)、深振业Ａ(000006.SZ)
0096c04f-8397-4f45-aacc-12e5444ba4a9,2026-06-22T19:34:39,selection,cslx,错杀低吸,,,info,medium,策略「错杀低吸」选出 30 只标的,策略「错杀低吸」选出 30 只标的，Top3：天际股份(002759.SZ)、天银机电(300342.SZ)、瑞玛精密(002976.SZ)
655eaf2a-dcf1-432f-a231-7e41d52eb862,2026-06-22T19:34:39,selection,dbqzt,打板求涨停,,,info,medium,策略「打板求涨停」选出 30 只标的,策略「打板求涨停」选出 30 只标的，Top3：庄园牧场(002910.SZ)、中核科技(000777.SZ)、诺德股份(600110.SH)
2015a60b-3b84-4870-b823-b33d70b6d507,2026-06-22T19:34:39,selection,qszsl,趋势主升浪,,,info,medium,策略「趋势主升浪」选出 30 只标的,策略「趋势主升浪」选出 30 只标的，Top3：同洲电子(002052.SZ)、华孚时尚(002042.SZ)、骄成超声(688392.SH)
100d1a44-8ce8-4b54-9f7e-956c504beb66,2026-06-22T19:34:40,selection,qzrfc,强转弱反抽,,,info,medium,策略「强转弱反抽」选出 30 只标的,策略「强转弱反抽」选出 30 只标的，Top3：供销大集(000564.SZ)、中国长城(000066.SZ)、德龙汇能(000593.SZ)
7675e904-9c54-4c35-a672-0b3a0b2737ac,2026-06-22T19:34:40,selection,rzq,弱转强,,,info,medium,策略「弱转强」选出 30 只标的,策略「弱转强」选出 30 只标的，Top3：深科技(000021.SZ)、沙河股份(000014.SZ)、深振业Ａ(000006.SZ)
86cc3433-a13d-4408-95d7-7618f3b6a52f,2026-06-22T19:34:42,selection,cslx,错杀低吸,,,info,medium,策略「错杀低吸」选出 30 只标的,策略「错杀低吸」选出 30 只标的，Top3：天际股份(002759.SZ)、天银机电(300342.SZ)、瑞玛精密(002976.SZ)
c4afb755-8a18-4a92-b93a-f19aac3521d1,2026-06-22T19:34:42,selection,dbqzt,打板求涨停,,,info,medium,策略「打板求涨停」选出 30 只标的,策略「打板求涨停」选出 30 只标的，Top3：庄园牧场(002910.SZ)、中核科技(000777.SZ)、诺德股份(600110.SH)
6c4b189a-db3a-4c93-9d70-e741a9e9884f,2026-06-22T19:34:43,selection,qszsl,趋势主升浪,,,info,medium,策略「趋势主升浪」选出 30 只标的,策略「趋势主升浪」选出 30 只标的，Top3：同洲电子(002052.SZ)、华孚时尚(002042.SZ)、骄成超声(688392.SH)
b1a7123f-e902-4fe3-a59a-fe5e1578ca30,2026-06-22T19:34:43,selection,qzrfc,强转弱反抽,,,info,medium,策略「强转弱反抽」选出 30 只标的,策略「强转弱反抽」选出 30 只标的，Top3：供销大集(000564.SZ)、中国长城(000066.SZ)、德龙汇能(000593.SZ)
ca0a620f-5786-417b-bc56-fd0a8a38a8f5,2026-06-22T19:34:43,selection,rzq,弱转强,,,info,medium,策略「弱转强」选出 30 只标的,策略「弱转强」选出 30 只标的，Top3：深科技(000021.SZ)、沙河股份(000014.SZ)、深振业Ａ(000006.SZ)
1e209196-cfeb-43dc-8a85-8ba180cb234d,2026-06-22T19:34:45,selection,cslx,错杀低吸,,,info,medium,策略「错杀低吸」选出 30 只标的,策略「错杀低吸」选出 30 只标的，Top3：天际股份(002759.SZ)、天银机电(300342.SZ)、瑞玛精密(002976.SZ)
003ad1f5-e3fc-4707-bba6-b57d92bd4f71,2026-06-22T19:34:46,selection,dbqzt,打板求涨停,,,info,medium,策略「打板求涨停」选出 30 只标的,策略「打板求涨停」选出 30 只标的，Top3：庄园牧场(002910.SZ)、中核科技(000777.SZ)、诺德股份(600110.SH)
7a207a5d-b47a-4639-876b-3b23044f2b37,2026-06-22T19:34:46,selection,qszsl,趋势主升浪,,,info,medium,策略「趋势主升浪」选出 30 只标的,策略「趋势主升浪」选出 30 只标的，Top3：同洲电子(002052.SZ)、华孚时尚(002042.SZ)、骄成超声(688392.SH)
67573091-b271-4f73-afe9-2d11cb88c668,2026-06-22T19:34:46,selection,qzrfc,强转弱反抽,,,info,medium,策略「强转弱反抽」选出 30 只标的,策略「强转弱反抽」选出 30 只标的，Top3：供销大集(000564.SZ)、中国长城(000066.SZ)、德龙汇能(000593.SZ)
828cefde-f747-4cdf-9f7c-08f1e35779ec,2026-06-22T19:34:47,selection,rzq,弱转强,,,info,medium,策略「弱转强」选出 30 只标的,策略「弱转强」选出 30 只标的，Top3：深科技(000021.SZ)、沙河股份(000014.SZ)、深振业Ａ(000006.SZ)
096dd13b-a8d7-4397-9897-a890c21373ae,2026-06-22T19:34:48,selection,cslx,错杀低吸,,,info,medium,策略「错杀低吸」选出 30 只标的,策略「错杀低吸」选出 30 只标的，Top3：天际股份(002759.SZ)、天银机电(300342.SZ)、瑞玛精密(002976.SZ)
debe097e-2252-41ff-ae9a-362fe558b626,2026-06-22T19:34:49,selection,dbqzt,打板求涨停,,,info,medium,策略「打板求涨停」选出 30 只标的,策略「打板求涨停」选出 30 只标的，Top3：庄园牧场(002910.SZ)、中核科技(000777.SZ)、诺德股份(600110.SH)
1f3c3b9d-5453-4982-b5d0-64771397a400,2026-06-22T19:34:49,selection,qszsl,趋势主升浪,,,info,medium,策略「趋势主升浪」选出 30 只标的,策略「趋势主升浪」选出 30 只标的，Top3：同洲电子(002052.SZ)、华孚时尚(002042.SZ)、骄成超声(688392.SH)
7a075e1d-defd-4193-b2b5-b5bdc0c91b2e,2026-06-22T19:34:49,selection,qzrfc,强转弱反抽,,,info,medium,策略「强转弱反抽」选出 30 只标的,策略「强转弱反抽」选出 30 只标的，Top3：供销大集(000564.SZ)、中国长城(000066.SZ)、德龙汇能(000593.SZ)
e45f21fb-30bf-4a0f-82b6-091736e22771,2026-06-22T19:34:50,selection,rzq,弱转强,,,info,medium,策略「弱转强」选出 30 只标的,策略「弱转强」选出 30 只标的，Top3：深科技(000021.SZ)、沙河股份(000014.SZ)、深振业Ａ(000006.SZ)
308b3156-44bb-473d-a848-9fe26b574ded,2026-06-22T19:34:52,selection,cslx,错杀低吸,,,info,medium,策略「错杀低吸」选出 30 只标的,策略「错杀低吸」选出 30 只标的，Top3：天际股份(002759.SZ)、天银机电(300342.SZ)、瑞玛精密(002976.SZ)
8f1295f4-ce42-4483-bc48-95d941b9471d,2026-06-22T19:34:52,selection,dbqzt,打板求涨停,,,info,medium,策略「打板求涨停」选出 30 只标的,策略「打板求涨停」选出 30 只标的，Top3：庄园牧场(002910.SZ)、中核科技(000777.SZ)、诺德股份(600110.SH)
cad5b42a-e3c1-4942-8403-3cdf33740d1d,2026-06-22T19:34:52,selection,qszsl,趋势主升浪,,,info,medium,策略「趋势主升浪」选出 30 只标的,策略「趋势主升浪」选出 30 只标的，Top3：同洲电子(002052.SZ)、华孚时尚(002042.SZ)、骄成超声(688392.SH)
1f74ff71-54ae-4a3e-9e57-5beb68a51d2f,2026-06-22T19:34:53,selection,qzrfc,强转弱反抽,,,info,medium,策略「强转弱反抽」选出 30 只标的,策略「强转弱反抽」选出 30 只标的，Top3：供销大集(000564.SZ)、中国长城(000066.SZ)、德龙汇能(000593.SZ)
b63cd6e4-b647-49f4-9430-420866930a82,2026-06-22T19:34:53,selection,rzq,弱转强,,,info,medium,策略「弱转强」选出 30 只标的,策略「弱转强」选出 30 只标的，Top3：深科技(000021.SZ)、沙河股份(000014.SZ)、深振业Ａ(000006.SZ)
73f6f64d-846e-4a04-9ad2-e3997b340026,2026-06-22T19:34:55,selection,cslx,错杀低吸,,,info,medium,策略「错杀低吸」选出 30 只标的,策略「错杀低吸」选出 30 只标的，Top3：天际股份(002759.SZ)、天银机电(300342.SZ)、瑞玛精密(002976.SZ)
b6ee85b1-5cbc-42a5-9378-8be278bc2cf1,2026-06-22T19:34:55,selection,dbqzt,打板求涨停,,,info,medium,策略「打板求涨停」选出 30 只标的,策略「打板求涨停」选出 30 只标的，Top3：庄园牧场(002910.SZ)、中核科技(000777.SZ)、诺德股份(600110.SH)
cf01d891-782b-4a29-a7b5-fc942486d193,2026-06-22T19:34:56,selection,qszsl,趋势主升浪,,,info,medium,策略「趋势主升浪」选出 30 只标的,策略「趋势主升浪」选出 30 只标的，Top3：同洲电子(002052.SZ)、华孚时尚(002042.SZ)、骄成超声(688392.SH)
12917dc5-c776-42a8-892a-41c43c933042,2026-06-22T19:34:56,selection,qzrfc,强转弱反抽,,,info,medium,策略「强转弱反抽」选出 30 只标的,策略「强转弱反抽」选出 30 只标的，Top3：供销大集(000564.SZ)、中国长城(000066.SZ)、德龙汇能(000593.SZ)
3c8eb760-6d09-4b8d-90f2-42f9500111bc,2026-06-22T19:34:56,selection,rzq,弱转强,,,info,medium,策略「弱转强」选出 30 只标的,策略「弱转强」选出 30 只标的，Top3：深科技(000021.SZ)、沙河股份(000014.SZ)、深振业Ａ(000006.SZ)
53aade44-8bd2-4495-9b56-ebff67365c61,2026-06-22T19:34:58,selection,cslx,错杀低吸,,,info,medium,策略「错杀低吸」选出 30 只标的,策略「错杀低吸」选出 30 只标的，Top3：天际股份(002759.SZ)、天银机电(300342.SZ)、瑞玛精密(002976.SZ)
33765445-e793-46fe-b1b1-c96d3746eb71,2026-06-22T19:34:58,selection,dbqzt,打板求涨停,,,info,medium,策略「打板求涨停」选出 30 只标的,策略「打板求涨停」选出 30 只标的，Top3：庄园牧场(002910.SZ)、中核科技(000777.SZ)、诺德股份(600110.SH)
f1b42683-2349-4960-a9f5-34efe209129e,2026-06-22T19:34:59,selection,qszsl,趋势主升浪,,,info,medium,策略「趋势主升浪」选出 30 只标的,策略「趋势主升浪」选出 30 只标的，Top3：同洲电子(002052.SZ)、华孚时尚(002042.SZ)、骄成超声(688392.SH)
7848b09a-7ea5-4282-a476-34781403a2e1,2026-06-22T19:34:59,selection,qzrfc,强转弱反抽,,,info,medium,策略「强转弱反抽」选出 30 只标的,策略「强转弱反抽」选出 30 只标的，Top3：供销大集(000564.SZ)、中国长城(000066.SZ)、德龙汇能(000593.SZ)
845dc974-5acb-4dc7-839b-52d432c4ee19,2026-06-22T19:34:59,selection,rzq,弱转强,,,info,medium,策略「弱转强」选出 30 只标的,策略「弱转强」选出 30 只标的，Top3：深科技(000021.SZ)、沙河股份(000014.SZ)、深振业Ａ(000006.SZ)
c207ee4b-f759-467e-a582-34b153096b74,2026-06-22T19:35:01,selection,cslx,错杀低吸,,,info,medium,策略「错杀低吸」选出 30 只标的,策略「错杀低吸」选出 30 只标的，Top3：天际股份(002759.SZ)、天银机电(300342.SZ)、瑞玛精密(002976.SZ)
acb702a4-4e06-4f01-ab0e-b35317fdef2d,2026-06-22T19:35:02,selection,dbqzt,打板求涨停,,,info,medium,策略「打板求涨停」选出 30 只标的,策略「打板求涨停」选出 30 只标的，Top3：庄园牧场(002910.SZ)、中核科技(000777.SZ)、诺德股份(600110.SH)
7546bf38-be34-40be-a014-b6b7f95ebafc,2026-06-22T19:35:02,selection,qszsl,趋势主升浪,,,info,medium,策略「趋势主升浪」选出 30 只标的,策略「趋势主升浪」选出 30 只标的，Top3：同洲电子(002052.SZ)、华孚时尚(002042.SZ)、骄成超声(688392.SH)
ffd9971a-1128-4b0d-b224-29de81105811,2026-06-22T19:35:02,selection,qzrfc,强转弱反抽,,,info,medium,策略「强转弱反抽」选出 30 只标的,策略「强转弱反抽」选出 30 只标的，Top3：供销大集(000564.SZ)、中国长城(000066.SZ)、德龙汇能(000593.SZ)
063addf4-a892-408a-a999-f967a9c07fc6,2026-06-22T19:35:03,selection,rzq,弱转强,,,info,medium,策略「弱转强」选出 30 只标的,策略「弱转强」选出 30 只标的，Top3：深科技(000021.SZ)、沙河股份(000014.SZ)、深振业Ａ(000006.SZ)
8e387691-5e32-47ae-88fa-42852af5fc6b,2026-06-22T19:35:05,selection,cslx,错杀低吸,,,info,medium,策略「错杀低吸」选出 30 只标的,策略「错杀低吸」选出 30 只标的，Top3：天际股份(002759.SZ)、天银机电(300342.SZ)、瑞玛精密(002976.SZ)
da02633a-4071-4c06-a3fa-a3cd2834ad59,2026-06-22T19:35:05,selection,dbqzt,打板求涨停,,,info,medium,策略「打板求涨停」选出 30 只标的,策略「打板求涨停」选出 30 只标的，Top3：庄园牧场(002910.SZ)、中核科技(000777.SZ)、诺德股份(600110.SH)
82ae8184-1152-4592-bd6c-3f025601e8ff,2026-06-22T19:35:05,selection,qszsl,趋势主升浪,,,info,medium,策略「趋势主升浪」选出 30 只标的,策略「趋势主升浪」选出 30 只标的，Top3：同洲电子(002052.SZ)、华孚时尚(002042.SZ)、骄成超声(688392.SH)
a7dac501-e45d-4419-a47b-674225f4a1dd,2026-06-22T19:35:06,selection,qzrfc,强转弱反抽,,,info,medium,策略「强转弱反抽」选出 30 只标的,策略「强转弱反抽」选出 30 只标的，Top3：供销大集(000564.SZ)、中国长城(000066.SZ)、德龙汇能(000593.SZ)
30c92f8d-f42c-453b-bbea-7cdddc95adcd,2026-06-22T19:35:06,selection,rzq,弱转强,,,info,medium,策略「弱转强」选出 30 只标的,策略「弱转强」选出 30 只标的，Top3：深科技(000021.SZ)、沙河股份(000014.SZ)、深振业Ａ(000006.SZ)
bfb0a1b7-1097-4ad3-8b3f-f0c359f048e3,2026-06-22T19:35:08,selection,cslx,错杀低吸,,,info,medium,策略「错杀低吸」选出 30 只标的,策略「错杀低吸」选出 30 只标的，Top3：天际股份(002759.SZ)、天银机电(300342.SZ)、瑞玛精密(002976.SZ)
f7d999f5-dc16-4803-8dbd-a74846943120,2026-06-22T19:35:08,selection,dbqzt,打板求涨停,,,info,medium,策略「打板求涨停」选出 30 只标的,策略「打板求涨停」选出 30 只标的，Top3：庄园牧场(002910.SZ)、中核科技(000777.SZ)、诺德股份(600110.SH)
3a50296c-424e-44a9-a347-d4a6026246ac,2026-06-22T19:35:08,selection,qszsl,趋势主升浪,,,info,medium,策略「趋势主升浪」选出 30 只标的,策略「趋势主升浪」选出 30 只标的，Top3：同洲电子(002052.SZ)、华孚时尚(002042.SZ)、骄成超声(688392.SH)
16ebd813-d0b9-40e9-913d-cde388f2b2cd,2026-06-22T19:35:09,selection,qzrfc,强转弱反抽,,,info,medium,策略「强转弱反抽」选出 30 只标的,策略「强转弱反抽」选出 30 只标的，Top3：供销大集(000564.SZ)、中国长城(000066.SZ)、德龙汇能(000593.SZ)
74124a37-4caa-43c7-866a-9af3e15185ba,2026-06-22T19:35:09,selection,rzq,弱转强,,,info,medium,策略「弱转强」选出 30 只标的,策略「弱转强」选出 30 只标的，Top3：深科技(000021.SZ)、沙河股份(000014.SZ)、深振业Ａ(000006.SZ)
f93ebdd7-34f3-4061-b816-0efc07d9c577,2026-06-22T19:35:11,selection,cslx,错杀低吸,,,info,medium,策略「错杀低吸」选出 30 只标的,策略「错杀低吸」选出 30 只标的，Top3：天际股份(002759.SZ)、天银机电(300342.SZ)、瑞玛精密(002976.SZ)
c3f74880-5695-4379-8c2c-c0eacb27e8bd,2026-06-22T19:35:11,selection,dbqzt,打板求涨停,,,info,medium,策略「打板求涨停」选出 30 只标的,策略「打板求涨停」选出 30 只标的，Top3：庄园牧场(002910.SZ)、中核科技(000777.SZ)、诺德股份(600110.SH)
0fd1b17b-9543-49b6-b361-d14dbbc57b8b,2026-06-22T19:35:12,selection,qszsl,趋势主升浪,,,info,medium,策略「趋势主升浪」选出 30 只标的,策略「趋势主升浪」选出 30 只标的，Top3：同洲电子(002052.SZ)、华孚时尚(002042.SZ)、骄成超声(688392.SH)
6804a3f9-c7a5-4b25-a999-660cb4f48a38,2026-06-22T19:35:12,selection,qzrfc,强转弱反抽,,,info,medium,策略「强转弱反抽」选出 30 只标的,策略「强转弱反抽」选出 30 只标的，Top3：供销大集(000564.SZ)、中国长城(000066.SZ)、德龙汇能(000593.SZ)
b31bdcaf-2113-4902-b7e0-6aa5f078a6ab,2026-06-22T19:35:12,selection,rzq,弱转强,,,info,medium,策略「弱转强」选出 30 只标的,策略「弱转强」选出 30 只标的，Top3：深科技(000021.SZ)、沙河股份(000014.SZ)、深振业Ａ(000006.SZ)
a133b148-56bd-4bee-beff-27e6446af2da,2026-06-22T19:35:14,selection,cslx,错杀低吸,,,info,medium,策略「错杀低吸」选出 30 只标的,策略「错杀低吸」选出 30 只标的，Top3：天际股份(002759.SZ)、天银机电(300342.SZ)、瑞玛精密(002976.SZ)
4762e998-bd45-41f7-9d01-8de0b70be948,2026-06-22T19:35:15,selection,dbqzt,打板求涨停,,,info,medium,策略「打板求涨停」选出 30 只标的,策略「打板求涨停」选出 30 只标的，Top3：庄园牧场(002910.SZ)、中核科技(000777.SZ)、诺德股份(600110.SH)
d4ccaf9d-0fc4-4d79-99aa-fcc0a52fede2,2026-06-22T19:35:15,selection,qszsl,趋势主升浪,,,info,medium,策略「趋势主升浪」选出 30 只标的,策略「趋势主升浪」选出 30 只标的，Top3：同洲电子(002052.SZ)、华孚时尚(002042.SZ)、骄成超声(688392.SH)
efb22327-871c-4ec6-b8bb-d967b345a6e0,2026-06-22T19:35:15,selection,qzrfc,强转弱反抽,,,info,medium,策略「强转弱反抽」选出 30 只标的,策略「强转弱反抽」选出 30 只标的，Top3：供销大集(000564.SZ)、中国长城(000066.SZ)、德龙汇能(000593.SZ)
a127e91e-acdf-4e62-b7c9-046304a9e51f,2026-06-22T19:35:16,selection,rzq,弱转强,,,info,medium,策略「弱转强」选出 30 只标的,策略「弱转强」选出 30 只标的，Top3：深科技(000021.SZ)、沙河股份(000014.SZ)、深振业Ａ(000006.SZ)
94662568-2e84-4c7e-bf73-533110fe77d5,2026-06-22T19:35:17,selection,cslx,错杀低吸,,,info,medium,策略「错杀低吸」选出 30 只标的,策略「错杀低吸」选出 30 只标的，Top3：天际股份(002759.SZ)、天银机电(300342.SZ)、瑞玛精密(002976.SZ)
d3155c2d-3298-4cfc-9d84-010c7a836c47,2026-06-22T19:35:18,selection,dbqzt,打板求涨停,,,info,medium,策略「打板求涨停」选出 30 只标的,策略「打板求涨停」选出 30 只标的，Top3：庄园牧场(002910.SZ)、中核科技(000777.SZ)、诺德股份(600110.SH)
79a76a03-cb77-415b-afd7-ba398e1ab4f0,2026-06-22T19:35:18,selection,qszsl,趋势主升浪,,,info,medium,策略「趋势主升浪」选出 30 只标的,策略「趋势主升浪」选出 30 只标的，Top3：同洲电子(002052.SZ)、华孚时尚(002042.SZ)、骄成超声(688392.SH)
ef3c3b7a-7c9f-4da5-a466-bc57f51fc695,2026-06-22T19:35:19,selection,qzrfc,强转弱反抽,,,info,medium,策略「强转弱反抽」选出 30 只标的,策略「强转弱反抽」选出 30 只标的，Top3：供销大集(000564.SZ)、中国长城(000066.SZ)、德龙汇能(000593.SZ)
2aed3f96-817a-484c-a228-402047d2f7d3,2026-06-22T19:35:19,selection,rzq,弱转强,,,info,medium,策略「弱转强」选出 30 只标的,策略「弱转强」选出 30 只标的，Top3：深科技(000021.SZ)、沙河股份(000014.SZ)、深振业Ａ(000006.SZ)
78712006-64a5-401c-907f-88ead73895f2,2026-06-22T19:35:21,selection,cslx,错杀低吸,,,info,medium,策略「错杀低吸」选出 30 只标的,策略「错杀低吸」选出 30 只标的，Top3：天际股份(002759.SZ)、天银机电(300342.SZ)、瑞玛精密(002976.SZ)
c9756c53-5b3c-4166-94a3-ffc42809120b,2026-06-22T19:35:21,selection,dbqzt,打板求涨停,,,info,medium,策略「打板求涨停」选出 30 只标的,策略「打板求涨停」选出 30 只标的，Top3：庄园牧场(002910.SZ)、中核科技(000777.SZ)、诺德股份(600110.SH)
4c3b47fd-82d3-41ca-b667-ad7c14129863,2026-06-22T19:35:21,selection,qszsl,趋势主升浪,,,info,medium,策略「趋势主升浪」选出 30 只标的,策略「趋势主升浪」选出 30 只标的，Top3：同洲电子(002052.SZ)、华孚时尚(002042.SZ)、骄成超声(688392.SH)
9b51b970-7ffa-467a-ad61-26365568b99a,2026-06-22T19:35:22,selection,qzrfc,强转弱反抽,,,info,medium,策略「强转弱反抽」选出 30 只标的,策略「强转弱反抽」选出 30 只标的，Top3：供销大集(000564.SZ)、中国长城(000066.SZ)、德龙汇能(000593.SZ)
0e357d5b-ded5-4ae7-9f47-f723bb4d4e6a,2026-06-22T19:35:22,selection,rzq,弱转强,,,info,medium,策略「弱转强」选出 30 只标的,策略「弱转强」选出 30 只标的，Top3：深科技(000021.SZ)、沙河股份(000014.SZ)、深振业Ａ(000006.SZ)
1d1d9f90-3fd1-4ed9-bcfe-08af28ff4193,2026-06-22T19:35:47,selection,cslx,错杀低吸,,,info,medium,策略「错杀低吸」选出 30 只标的,策略「错杀低吸」选出 30 只标的，Top3：天际股份(002759.SZ)、天银机电(300342.SZ)、瑞玛精密(002976.SZ)
db57b180-6585-4330-ae8f-f83b26687626,2026-06-22T19:35:47,selection,dbqzt,打板求涨停,,,info,medium,策略「打板求涨停」选出 30 只标的,策略「打板求涨停」选出 30 只标的，Top3：庄园牧场(002910.SZ)、中核科技(000777.SZ)、诺德股份(600110.SH)
386c82d1-512a-4cbd-ad81-5d3fba11bfc7,2026-06-22T19:35:47,selection,qszsl,趋势主升浪,,,info,medium,策略「趋势主升浪」选出 30 只标的,策略「趋势主升浪」选出 30 只标的，Top3：同洲电子(002052.SZ)、华孚时尚(002042.SZ)、骄成超声(688392.SH)
5480aeee-46b3-455e-ac2e-f231d383d10c,2026-06-22T19:35:48,selection,qzrfc,强转弱反抽,,,info,medium,策略「强转弱反抽」选出 30 只标的,策略「强转弱反抽」选出 30 只标的，Top3：供销大集(000564.SZ)、中国长城(000066.SZ)、德龙汇能(000593.SZ)
2b2b78d7-2e1e-4932-b78d-4a7c0a8c5835,2026-06-22T19:35:48,selection,rzq,弱转强,,,info,medium,策略「弱转强」选出 30 只标的,策略「弱转强」选出 30 只标的，Top3：深科技(000021.SZ)、沙河股份(000014.SZ)、深振业Ａ(000006.SZ)
f733da61-4f3c-4998-b029-0b50cb5cbe59,2026-06-22T19:36:20,selection,cslx,错杀低吸,,,info,medium,策略「错杀低吸」选出 30 只标的,策略「错杀低吸」选出 30 只标的，Top3：天际股份(002759.SZ)、天银机电(300342.SZ)、瑞玛精密(002976.SZ)
7e749d73-d795-434e-98b7-042724c38bb0,2026-06-22T19:36:20,selection,dbqzt,打板求涨停,,,info,medium,策略「打板求涨停」选出 30 只标的,策略「打板求涨停」选出 30 只标的，Top3：庄园牧场(002910.SZ)、中核科技(000777.SZ)、诺德股份(600110.SH)
b5c3ad61-555d-45e0-b367-002144c91a27,2026-06-22T19:36:20,selection,qszsl,趋势主升浪,,,info,medium,策略「趋势主升浪」选出 30 只标的,策略「趋势主升浪」选出 30 只标的，Top3：同洲电子(002052.SZ)、华孚时尚(002042.SZ)、骄成超声(688392.SH)
c7d4c8fc-5c1b-4bae-a46d-516a1616e424,2026-06-22T19:36:21,selection,qzrfc,强转弱反抽,,,info,medium,策略「强转弱反抽」选出 30 只标的,策略「强转弱反抽」选出 30 只标的，Top3：供销大集(000564.SZ)、中国长城(000066.SZ)、德龙汇能(000593.SZ)
33deb50f-e35f-4d2f-b71e-0d4beb8c7848,2026-06-22T19:36:21,selection,rzq,弱转强,,,info,medium,策略「弱转强」选出 30 只标的,策略「弱转强」选出 30 只标的，Top3：深科技(000021.SZ)、沙河股份(000014.SZ)、深振业Ａ(000006.SZ)
7b6634b4-9208-4ca4-9de5-785d2dc66f77,2026-06-22T19:36:52,selection,cslx,错杀低吸,,,info,medium,策略「错杀低吸」选出 30 只标的,策略「错杀低吸」选出 30 只标的，Top3：天际股份(002759.SZ)、天银机电(300342.SZ)、瑞玛精密(002976.SZ)
9802211c-b01e-4615-b60a-9eddb320efa0,2026-06-22T19:36:53,selection,dbqzt,打板求涨停,,,info,medium,策略「打板求涨停」选出 30 只标的,策略「打板求涨停」选出 30 只标的，Top3：庄园牧场(002910.SZ)、中核科技(000777.SZ)、诺德股份(600110.SH)
e2b251f5-2f2d-43af-b7a2-3cd8ece7fe58,2026-06-22T19:36:53,selection,qszsl,趋势主升浪,,,info,medium,策略「趋势主升浪」选出 30 只标的,策略「趋势主升浪」选出 30 只标的，Top3：同洲电子(002052.SZ)、华孚时尚(002042.SZ)、骄成超声(688392.SH)
16c9bbfc-a425-4218-8851-84bb2a89e36c,2026-06-22T19:36:54,selection,qzrfc,强转弱反抽,,,info,medium,策略「强转弱反抽」选出 30 只标的,策略「强转弱反抽」选出 30 只标的，Top3：供销大集(000564.SZ)、中国长城(000066.SZ)、德龙汇能(000593.SZ)
da8fe1a8-a92b-4d86-978a-533a7b833c19,2026-06-22T19:36:54,selection,rzq,弱转强,,,info,medium,策略「弱转强」选出 30 只标的,策略「弱转强」选出 30 只标的，Top3：深科技(000021.SZ)、沙河股份(000014.SZ)、深振业Ａ(000006.SZ)
0590523e-ff63-44ab-bdf9-ed7dd785f4cc,2026-06-22T19:37:12,selection,cslx,错杀低吸,,,info,medium,策略「错杀低吸」选出 30 只标的,策略「错杀低吸」选出 30 只标的，Top3：天际股份(002759.SZ)、天银机电(300342.SZ)、瑞玛精密(002976.SZ)
476df639-88a5-4b89-9d45-6e41f6ff77b6,2026-06-22T19:37:12,selection,dbqzt,打板求涨停,,,info,medium,策略「打板求涨停」选出 30 只标的,策略「打板求涨停」选出 30 只标的，Top3：庄园牧场(002910.SZ)、中核科技(000777.SZ)、诺德股份(600110.SH)
05121c82-c17c-4633-8100-88b3b431a030,2026-06-22T19:37:12,selection,qszsl,趋势主升浪,,,info,medium,策略「趋势主升浪」选出 30 只标的,策略「趋势主升浪」选出 30 只标的，Top3：同洲电子(002052.SZ)、华孚时尚(002042.SZ)、骄成超声(688392.SH)
634c91b8-2ee4-4fd4-a11e-6bb5a913e8da,2026-06-22T19:37:13,selection,qzrfc,强转弱反抽,,,info,medium,策略「强转弱反抽」选出 30 只标的,策略「强转弱反抽」选出 30 只标的，Top3：供销大集(000564.SZ)、中国长城(000066.SZ)、德龙汇能(000593.SZ)
f1baf28a-280b-4349-a556-bb41802a04bb,2026-06-22T19:37:13,selection,rzq,弱转强,,,info,medium,策略「弱转强」选出 30 只标的,策略「弱转强」选出 30 只标的，Top3：深科技(000021.SZ)、沙河股份(000014.SZ)、深振业Ａ(000006.SZ)
7de8f2ca-8c05-4c39-b87a-f99402a99ecb,2026-06-22T19:37:22,selection,cslx,错杀低吸,,,info,medium,策略「错杀低吸」选出 30 只标的,策略「错杀低吸」选出 30 只标的，Top3：天际股份(002759.SZ)、天银机电(300342.SZ)、瑞玛精密(002976.SZ)
bfad8762-140e-40ef-a194-7f87259b5049,2026-06-22T19:37:23,selection,dbqzt,打板求涨停,,,info,medium,策略「打板求涨停」选出 30 只标的,策略「打板求涨停」选出 30 只标的，Top3：庄园牧场(002910.SZ)、中核科技(000777.SZ)、诺德股份(600110.SH)
f80d7b72-a036-48b8-a969-c512033127d9,2026-06-22T19:37:23,selection,qszsl,趋势主升浪,,,info,medium,策略「趋势主升浪」选出 30 只标的,策略「趋势主升浪」选出 30 只标的，Top3：同洲电子(002052.SZ)、华孚时尚(002042.SZ)、骄成超声(688392.SH)
b2c7d02e-f93a-4800-91f0-c322fc506fb1,2026-06-22T19:37:23,selection,qzrfc,强转弱反抽,,,info,medium,策略「强转弱反抽」选出 30 只标的,策略「强转弱反抽」选出 30 只标的，Top3：供销大集(000564.SZ)、中国长城(000066.SZ)、德龙汇能(000593.SZ)
ede75171-1ed6-4385-bd42-346b665d6f98,2026-06-22T19:37:24,selection,rzq,弱转强,,,info,medium,策略「弱转强」选出 30 只标的,策略「弱转强」选出 30 只标的，Top3：深科技(000021.SZ)、沙河股份(000014.SZ)、深振业Ａ(000006.SZ)
de0375e2-66e9-490c-9d26-c24f7441d461,2026-06-22T19:37:55,selection,cslx,错杀低吸,,,info,medium,策略「错杀低吸」选出 30 只标的,策略「错杀低吸」选出 30 只标的，Top3：天际股份(002759.SZ)、天银机电(300342.SZ)、瑞玛精密(002976.SZ)
27e5c6e2-8f99-457e-83be-e5156acb643b,2026-06-22T19:37:56,selection,dbqzt,打板求涨停,,,info,medium,策略「打板求涨停」选出 30 只标的,策略「打板求涨停」选出 30 只标的，Top3：庄园牧场(002910.SZ)、中核科技(000777.SZ)、诺德股份(600110.SH)
f5efe612-15ee-466e-8d17-09755361ab3d,2026-06-22T19:37:56,selection,qszsl,趋势主升浪,,,info,medium,策略「趋势主升浪」选出 30 只标的,策略「趋势主升浪」选出 30 只标的，Top3：同洲电子(002052.SZ)、华孚时尚(002042.SZ)、骄成超声(688392.SH)
548d9136-ed83-4f66-8b85-1cb184e6ec52,2026-06-22T19:37:56,selection,qzrfc,强转弱反抽,,,info,medium,策略「强转弱反抽」选出 30 只标的,策略「强转弱反抽」选出 30 只标的，Top3：供销大集(000564.SZ)、中国长城(000066.SZ)、德龙汇能(000593.SZ)
5f87037c-5256-47c2-9c82-73020df03ed1,2026-06-22T19:37:57,selection,rzq,弱转强,,,info,medium,策略「弱转强」选出 30 只标的,策略「弱转强」选出 30 只标的，Top3：深科技(000021.SZ)、沙河股份(000014.SZ)、深振业Ａ(000006.SZ)
13d06e2c-c05c-41ec-a6ef-073273deabbd,2026-06-22T19:38:28,selection,cslx,错杀低吸,,,info,medium,策略「错杀低吸」选出 30 只标的,策略「错杀低吸」选出 30 只标的，Top3：天际股份(002759.SZ)、天银机电(300342.SZ)、瑞玛精密(002976.SZ)
9e17b3c4-f647-47de-9745-a43f3b515684,2026-06-22T19:38:29,selection,dbqzt,打板求涨停,,,info,medium,策略「打板求涨停」选出 30 只标的,策略「打板求涨停」选出 30 只标的，Top3：庄园牧场(002910.SZ)、中核科技(000777.SZ)、诺德股份(600110.SH)
62371d97-e8ec-46fe-a9b5-79e7a7546848,2026-06-22T19:38:29,selection,qszsl,趋势主升浪,,,info,medium,策略「趋势主升浪」选出 30 只标的,策略「趋势主升浪」选出 30 只标的，Top3：同洲电子(002052.SZ)、华孚时尚(002042.SZ)、骄成超声(688392.SH)
258af61c-9a87-4b2c-9c85-f3bd98c3f329,2026-06-22T19:38:29,selection,qzrfc,强转弱反抽,,,info,medium,策略「强转弱反抽」选出 30 只标的,策略「强转弱反抽」选出 30 只标的，Top3：供销大集(000564.SZ)、中国长城(000066.SZ)、德龙汇能(000593.SZ)
4b3b868f-7378-4afb-9050-56746780a718,2026-06-22T19:38:30,selection,rzq,弱转强,,,info,medium,策略「弱转强」选出 30 只标的,策略「弱转强」选出 30 只标的，Top3：深科技(000021.SZ)、沙河股份(000014.SZ)、深振业Ａ(000006.SZ)
8fe16edc-2dce-4ad8-bc74-1ae2daeeb4ab,2026-06-22T19:39:01,selection,cslx,错杀低吸,,,info,medium,策略「错杀低吸」选出 30 只标的,策略「错杀低吸」选出 30 只标的，Top3：天际股份(002759.SZ)、天银机电(300342.SZ)、瑞玛精密(002976.SZ)
a81b7906-5873-48d2-baad-e105e13c6cc8,2026-06-22T19:39:02,selection,dbqzt,打板求涨停,,,info,medium,策略「打板求涨停」选出 30 只标的,策略「打板求涨停」选出 30 只标的，Top3：庄园牧场(002910.SZ)、中核科技(000777.SZ)、诺德股份(600110.SH)
f12a3915-b814-49d6-9bee-bf498269efea,2026-06-22T19:39:02,selection,qszsl,趋势主升浪,,,info,medium,策略「趋势主升浪」选出 30 只标的,策略「趋势主升浪」选出 30 只标的，Top3：同洲电子(002052.SZ)、华孚时尚(002042.SZ)、骄成超声(688392.SH)
a0929fe4-7260-4c16-9fea-4c64811746fd,2026-06-22T19:39:02,selection,qzrfc,强转弱反抽,,,info,medium,策略「强转弱反抽」选出 30 只标的,策略「强转弱反抽」选出 30 只标的，Top3：供销大集(000564.SZ)、中国长城(000066.SZ)、德龙汇能(000593.SZ)
37c73221-8870-4725-945d-722a711b39dd,2026-06-22T19:39:03,selection,rzq,弱转强,,,info,medium,策略「弱转强」选出 30 只标的,策略「弱转强」选出 30 只标的，Top3：深科技(000021.SZ)、沙河股份(000014.SZ)、深振业Ａ(000006.SZ)
